sira;platform;kategori;saglayici_servis_id;hizmet_adi;saglayici_orijinal_adi;min_adet;max_adet;gunluk_hiz;1000_adet_kac_gun;max_uyarisi;garanti_gun;maliyet_usd_1000;maliyet_try_1000;kar_marji_yuzde;satis_fiyati_try_1000;kar_try_1000
1;Instagram;İzlenme;64685eab-cfd8-4690-8ea2-c925413c9a2b;Instagram İzlenme [Max 2B | Düşüş Yok | 500K/gün];Instagram [Reel/Video Views] [Cheapest] [500kSpeed] [Non Drop] [Budget 💰];100;2147483647;500K/gün;1;Max ulaşılamaz (4.295 gün);0;0.0002;0.01;500;0.06;0.05
2;Instagram;İzlenme;8ede9fe1-8afe-47b7-b3c4-7255350a55ca;Instagram İzlenme [Max 100M | Düşüş Yok | Anında | 1M–5M/gün];Instagram Video/Reels Views [INSTANT] [1-5M/Day] [Non Drop] [Budget 💰];100;100000000;1M–5M/gün;1;Max ulaşılamaz (100 gün);0;0.0005;0.02;500;0.14;0.12
3;Instagram;Otomatik Etkileşim;c6961379-a011-48c2-9944-d2e82686ea48;Instagram Otomatik Etkileşim [Max 100M | Garantisiz | Anında];Instagram Auto Post Views [ Superfast Delivery ] Instant [Budget 💰];10;100000000;;;;0;0.0014;0.07;500;0.40;0.33
4;Instagram;İzlenme;f2a0eedf-1140-4825-9176-0f8c0db0d918;Instagram İzlenme [Max 2B | Garantisiz | Gerçek Hesap | Hızlı | 500K/gün];Instagram Reel Views [Max: 5M] [Start Time: 0-1 Hour] [Speed: 500K/Day] [Premium ⚡];100;2147483647;500K/gün;1;Max ulaşılamaz (4.295 gün);0;0.0015;0.07;500;0.43;0.36
5;Instagram;İzlenme;a633bdfd-c273-479c-9393-9f6bfbd23bcc;Instagram İzlenme [Max 10M | Garantisiz | Gerçek Hesap | 30K–100K/gün];Instagram - Views ( Video + TV + Reel ) ~ 100k ~ 30k/days ~ [ 𝔅𝗲𝙨𝘁 - 𝐒𝐩𝐞𝐞𝐝, 𝐐𝐮𝐚𝐥𝐢𝐭𝐲 ] [Premium ⚡];100;10000000;30K–100K/gün;1;Max ulaşılamaz (334 gün);0;0.0028;0.13;500;0.81;0.68
6;Instagram;Beğeni;c8de6183-faf0-4c7d-aeda-c499160e4ce2;Instagram Beğeni [Max 3M | 30 Gün Garantili | 300K/gün];Instagram Likes [300k/Day] [30 Days Refill] [Budget 💰];10;3000000;300K/gün;1;;30;0.0049;0.24;500;1.41;1.17
7;Instagram;Otomatik Etkileşim;b2e06a00-195c-4221-bac8-ca6d488173ab;Instagram Otomatik Etkileşim [Max 400K | 30 Gün Garantili | 50K–100K/gün];Instagram Auto Likes [Mix ][Fast] [50-100k Speed] [30 Days Refill] [Budget 💰];10;400000;50K–100K/gün;1;;30;0.0079;0.38;500;2.28;1.90
8;Instagram;Profil Erişimi;305edbdd-57c4-47c2-aa36-ad6950ad23eb;Instagram Türkiye 🇹🇷 Profil Erişimi [Max 100K | Garantisiz | Gerçek Hesap | Anında];🇹🇷 Instagram Premium Turkish Profile Visit | Max 100K | 75% Turkish | Instant Starts [Budget 💰];20;100000;;;;0;0.0096;0.46;500;2.76;2.30
9;Instagram;Hikaye Görüntülenme;6d6977f7-2c5d-4ba2-aeca-6e9961155dac;Instagram Türkiye 🇹🇷 Hikaye Görüntülenme [Max 250K | Garantisiz | Gerçek Hesap | Anında];🇹🇷 Instagram Premium Turkish Story Views | Max 100K | 100% Turkish | Single Story | Instant Starts [Budget 💰];20;250000;;;;0;0.0096;0.46;500;2.76;2.30
10;Instagram;İzlenme;05f66baf-8dfe-4834-b3fe-38a2eb5edc55;Instagram İzlenme [Max 250K | Garantisiz | Gerçek Hesap | 10K–100K/gün];Instagram - Views ( Video + TV + Reel ) ~ 250k ~ 10k-100k/days [Premium ⚡];100;250000;10K–100K/gün;1;;0;0.0143;0.69;500;4.12;3.43
11;Instagram;Kaydetme;eaa2ffd9-2873-415a-87f2-5eb501b3bfd9;Instagram Kaydetme [Max 300K | 30 Gün Garantili | Anında | 50K–100K/gün];Instagram Saves [0-10 Min] [50-100k/Day] [FAST] [30 Days Refill] [Budget 💰];10;300000;50K–100K/gün;1;;30;0.0150;0.72;500;4.32;3.60
12;Instagram;Beğeni;54941a6d-bdc0-4a36-aa70-a0755f32e2ec;Instagram Beğeni [Max 1M | 90 Gün Garantili | Bot Hesap | Hızlı | 150K/gün];Instagram Likes [Refill: 90D] [Max: 150K] [Start Time: 0-1 Hr] [Speed: 150K/Day] ♻️ ⛔ 💧 [Premium ⚡];1;1000000;150K/gün;1;;90;0.0157;0.75;500;4.52;3.77
13;Instagram;Profil Erişimi;b6064514-8027-4310-ba56-5be424cbd4e8;Instagram Profil Erişimi [Max 1M | 30 Gün Garantili | Bot Hesap | Hızlı | 24K–72K/gün];Instagram Likes + Impressions [Refill: 30 Days] [Max: 30K] [Start Time: 0-1 Hour] [Speed: 1-3K/Hour] ♻️ [Premium ⚡];50;1000000;24K–72K/gün;1;;30;0.0157;0.75;500;4.52;3.77
14;Instagram;Profil Erişimi;3358da7a-fd37-4173-9228-9e186ee22c84;Instagram Türkiye 🇹🇷 Profil Erişimi [Max 10M | Garantisiz | Gerçek Hesap | Anında];🇹🇷 Instagram Premium Turkish Interaction | Profile Visit + Reach + Views + Explore | Max 100K | 75% Turkish | Instant Starts [Budget 💰];20;10000000;;;;0;0.0180;0.86;500;5.18;4.32
15;Instagram;Reaksiyon;3eea1125-286d-4d0e-bc0f-1ae263b0c684;Instagram Türkiye 🇹🇷 Reaksiyon [Max 500K | Garantisiz | Gerçek Hesap | Hızlı | 100/gün];🇹🇷Instagram Likes [TURKEY] [Refill: No] [Max: 3K] [Start Time: 0-1 Hour] [Speed: 100/Day] 🔥 [Premium ⚡];10;500000;100/gün;10;Max ulaşılamaz (5.000 gün);0;0.0210;1.01;320;4.23;3.22
16;Instagram;Takipçi;6f2e7180-27b7-41c3-8826-127055e28460;Instagram Takipçi [Max 1M | Garantisiz | Hızlı | 5K/gün];Instagram Followers [0-2H] [5K/Day] [OLD MIX] [No Refill] [Budget 💰];10;1000000;5K/gün;1;Max ulaşılamaz (200 gün);0;0.0250;1.20;320;5.04;3.84
17;Instagram;Profil Erişimi;1af73a61-7912-4659-87aa-25de3eb0afb7;Instagram Brezilya 🇧🇷 Profil Erişimi [Max 2B | Garantisiz | Anında | 1M/gün];Instagram Video Views+Impression [0-15 MIN] [Brazil 🇧🇷] [1M/D] [Budget 💰];100;2147483647;1M/gün;1;Max ulaşılamaz (2.148 gün);0;0.0336;1.61;320;6.77;5.16
18;Instagram;Beğeni;61018728-2879-4075-b0cc-97718fe88a48;Instagram Beğeni [Max 200K | 30 Gün Garantili | Gerçek Hesap | Hızlı | 100K/gün];Instagram Likes [Refill: 30D] [Low Drops] [Max: 300K] [Start Time: 0-1 Hour] [Speed: 100K/Day] ⚡⛔ [Premium ⚡];50;200000;100K/gün;1;;30;0.0360;1.73;320;7.26;5.53
19;Instagram;Paylaşım;a7ee2f44-3243-49ce-9b5a-2b9a5a41db6a;Instagram Hindistan 🇮🇳 Paylaşım [Max 1M | 365 Gün Garantili | Hızlı | 100K/gün];Instagram Shares [Indian] [100k/Day] [0-1Hour] [365 Days Refill] [Budget 💰];20;1000000;100K/gün;1;;365;0.0390;1.87;320;7.86;5.99
20;Instagram;Hikaye Görüntülenme;2fd5a826-9a9c-4e2b-8b53-78eecb38fa36;Instagram Brezilya 🇧🇷 Hikaye Görüntülenme [Max 20K | 30 Gün Garantili | Gerçek Hesap | Anında];🇧🇷 Instagram Premium [Brazilian Story Views] [All Stories] [Max 100K] [Instant] 30 Days Refill [Budget 💰];20;20000;;;;30;0.0397;1.91;320;8.00;6.09
21;Instagram;Reaksiyon;866adbef-4542-4255-bb22-87b3b320ba95;Instagram Türkiye 🇹🇷 Reaksiyon [Max 200K | 30 Gün Garantili | Gerçek Hesap | 12K/gün];🇹🇷👩❤️ Instagram Premium Turkish Women Like | 30 Days Refill ♻️ | Max 100K | 100% Turkish Women | 500 per Hour [Budget 💰];20;200000;12K/gün;1;;30;0.0456;2.19;320;9.19;7.00
22;Instagram;Takipçi;ef9423c5-fb0b-4803-ae52-b111818011ce;Instagram Takipçi [Max 200K | 30 Gün Garantili | Gerçek Hesap | Anında];Instagram Followers [Emergency] [Real Accounts] [Instant] [30 Days Refill] [Budget 💰];50;200000;;;;30;0.0529;2.54;320;10.70;8.16
23;Instagram;Beğeni;60cc1a17-efff-4e04-b06e-3662ee91c582;Instagram Beğeni [Max 300K | 30 Gün Garantili | Bot Hesap | Hızlı];Instagram Likes [Bots with PP] [Refill: AR30] [Max: 300K] [Start Time: 0-1 Hour] [Speed: FAST] ⛔♻️ [Premium ⚡];10;300000;;;;30;0.0558;2.68;320;11.20;8.52
24;Instagram;İzlenme;b0e710b7-cfce-4c8d-ab80-a9e4d5165cb7;Instagram İzlenme [Max 2B | Garantisiz | Gerçek Hesap | Hızlı | 240K/gün];IGTV Views [Max: 1M] [Start Time: 0-1 Hour] [Speed: 10K/Hour] 💧 [Premium ⚡];100;2147483647;240K/gün;1;Max ulaşılamaz (8.948 gün);0;0.0715;3.43;320;14.40;10.97
25;Instagram;Beğeni;28ea7e01-3e27-4ad2-8644-7568c4fb297c;Instagram Hindistan 🇮🇳 Beğeni [Max 30K | 30 Gün Garantili | Gerçek Hesap | Anında | 10K/gün];🇮🇳 Instagram Likes [INDIA] [Refill: 30D] [Max: 30K] [Start Time: Instant] [Speed: 10K/D] [Premium ⚡];10;30000;10K/gün;1;;30;0.0810;3.89;320;16.30;12.41
26;Instagram;Hikaye Görüntülenme;af678278-fbde-4f96-904a-4877a8b8e511;Instagram Arap 🇸🇦 Hikaye Görüntülenme [Max 50K | 30 Gün Garantili | Gerçek Hesap | 10K/gün];Instagram Story Views [ARAB] [Refill: 30D] [Max: 20K] [Start Time: 0 - 12 Hrs] [Speed: Up to 10K/D] 💧 [Premium ⚡];20;50000;10K/gün;1;;30;0.0907;4.35;320;18.30;13.95
27;Instagram;Takipçi;d2573273-9d60-4212-859f-26b057ada416;Instagram Brezilya 🇧🇷 Takipçi [Max 100K | 30 Gün Garantili | Gerçek Hesap | 1K–2K/gün];🇧🇷 Instagram Premium [Brazilian Followers] [100% Brazilian] [100K MAX] [1-2K/D] 30 Days Refill [Budget 💰];100;100000;1K–2K/gün;1;Max ulaşılamaz (100 gün);30;0.1170;5.62;200;16.80;11.18
28;Instagram;Beğeni;59db7c24-ad8a-4035-92d1-b6a935a25049;Instagram Türkiye 🇹🇷 Beğeni [Max 300K | Garantisiz | Gerçek Hesap | Hızlı | 5K/gün];🇹🇷 Instagram Likes [TURKEY - 80% FEMALE] [Refill: No] [Max: 25K] [Start Time: 1 Hour] [Speed: 5K/Day] [Premium ⚡];10;300000;5K/gün;1;;0;0.1350;6.48;200;19.40;12.92
29;Instagram;Yorum;f6a23c15-3e2c-4b1b-8925-f591c2fda65b;Instagram Türkiye 🇹🇷 Yorum [Max 1K | Garantisiz];Instagram Bluetick Comment [ Turkey ] [1 Comment] [Budget 💰];1000;1000;;;;0;0.1464;7.03;200;21.10;14.07
30;Instagram;Takipçi;855fe926-da6f-4821-ba20-67a65b4ea668;Instagram Takipçi [Max 6K | 65 Gün Garantili | Gerçek Hesap | Hızlı | 5,9K/gün];🔥🔥🔥 [EXCLUSIVE] Instagram Followers [Spam On] [Refill: 65 Days] [Max: 100K/username - 5.9K/order] [Start Time: 0-1 Hours] [Speed: 5.9K/Day] ♻️🔥🔥🔥 [Premium ⚡];5900;5900;5,9K/gün;1;;65;0.1584;7.60;200;22.80;15.20
31;Instagram;Beğeni;a3379b3d-c4bc-475b-8f42-5988d416229a;Instagram Beğeni [Max 10M | 30 Gün Garantili | Gerçek Hesap | Hızlı | 10K/gün];Instagram Real Likes [Refill: 30D] [Max: 20K] [Start Time: 0 - 1 Hour] [Speed: 10K/Day] 💧 [Premium ⚡];1;10000000;10K/gün;1;Max ulaşılamaz (1.000 gün);30;0.1800;8.64;200;25.90;17.26
32;Instagram;Takipçi;03577d73-67f4-4d74-b5b8-73e47d447521;Instagram Takipçi [Max 10M | 30 Gün Garantili | Gerçek Hesap | Hızlı | 1M/gün];Instagram Followers [Refill: 30 Days] [Max: 5M] [Start Time: 0-1 Hour] [Speed: 1M/Day] ♻️ [Premium ⚡];10;10000000;1M/gün;1;;30;0.2412;11.58;200;34.70;23.12
33;Instagram;Kombo Paket;7402fc5f-099e-4f54-9a2c-ba9d77373263;Instagram Hindistan 🇮🇳 Kombo Paket [Max 10K | 365 Gün Garantili];Instagram 🇮🇳 1000 Followers + 1000 Likes on 10 Last Post (100 per Post) (365 Days Refill) [Budget 💰];1000;10000;;;;365;0.2652;12.73;200;38.20;25.47
34;Instagram;Takipçi;eb300913-40de-4063-bb5d-7fa13246959f;Instagram Takipçi [Max 50K | 30 Gün Garantili | Gerçek Hesap | Hızlı | 5K/gün];Instagram Followers [Refill: 30 Days] [Max: 50K] [Start Time: 1 Hour] [Speed: 5K/Day] ♻️ [Premium ⚡];100;50000;5K/gün;1;;30;0.3432;16.47;200;49.40;32.93
35;Instagram;Kombo Paket;977bd13b-cc90-4cb2-9877-f78087749a63;Instagram Hindistan 🇮🇳 Kombo Paket [Max 10K | 365 Gün Garantili];Instagram 🇮🇳 2000 Followers + 2000 Likes on 20 Last Post (100 per Post) (365 Days Refill) [Budget 💰];2000;10000;;;;365;0.4680;22.46;200;67.40;44.94
36;Instagram;Takipçi;bb0d255f-ec43-4480-adff-2114fca4440d;Instagram Türkiye 🇹🇷 Takipçi [Max 500K | 30 Gün Garantili | Gerçek Hesap | 20K/gün];Instagram Followers [🇦🇪 ARAB / 🇮🇳 INDIA / 🇹🇷 TURK MIX] [Refill: 30D] [Max: 10K] [Start Time: 0 - 1 Hr] [Speed: 20K/D] 💧⛔ [Premium ⚡];50;500000;20K/gün;1;;30;0.5100;24.48;130;56.30;31.82
37;Instagram;Takipçi;c3ee5887-cec6-418b-9093-56157e7f4f13;Instagram Hindistan 🇮🇳 Takipçi [Max 1M | 365 Gün Garantili | Anında | 30K/gün];Instagram Followers [Indian🇮🇳] [INSTANT] [LESS DROP] [30K/D] [1M MAX] [365 Days Refill] [Budget 💰];100;1000000;30K/gün;1;;365;0.5220;25.06;130;57.60;32.54
38;Instagram;Beğeni;a1e8c6fb-9088-4a14-92f4-7f271df7da0d;Instagram Hindistan 🇮🇳 Beğeni [Max 3K | 30 Gün Garantili | Gerçek Hesap | Anında | 10K/gün];🇮🇳 Instagram Likes [INDIA WOMEN] [Refill: 30 Days] [Max: 10K] [Start Time: Instant] [Speed: 10K/Day] [Premium ⚡];10;3000;10K/gün;1;;30;0.5250;25.20;130;58.00;32.80
39;Instagram;Takipçi;b9bee028-f355-4c65-99e4-7aae0dedaf63;Instagram Takipçi [Max 1M | 30 Gün Garantili | Gerçek Hesap | 20K/gün];Instagram Followers [SPAM ON] [Max: 1M] [Refill: 30D] [Start Time: 0 - 1 Hr] [Speed: 20K/D] ♻️💧⛔ [Premium ⚡];10;1000000;20K/gün;1;;30;0.8100;38.88;130;89.40;50.52
40;Instagram;Yorum;36744d2a-75cf-4ac1-87de-971791d30fcc;Instagram Yorum [Max 500K | 30 Gün Garantili | Gerçek Hesap | 20K/gün];Instagram Comments [HQ - RANDOM] [Refill: 30 Days] [Max: 100K] [Start Time: 0 - 3 Hours] [Speed: 20K/Day] 💧 [Premium ⚡];10;500000;20K/gün;1;;30;0.8784;42.16;130;97.00;54.84
41;Instagram;Yorum;5e0b3ea7-fd01-4195-9060-427e9eb5f683;Instagram Türkiye 🇹🇷 Yorum [Max 1 | Garantisiz | Gerçek Hesap | Anında];🇹🇷 Instagram Artist VERIFIED Comments [4 Comments] [Refill: No] [Start Time: 0-6 Hours] [Speed: Instant after Start Time] [Premium ⚡];1;1;;;;0;0.9000;43.20;130;99.40;56.20
42;Instagram;Takipçi;061a9489-9bcc-46e4-b360-fbbdb0f2a2a7;Instagram Takipçi [Max 30K | 7 Gün Garantili | Gerçek Hesap | Hızlı | 12K/gün];Instagram Followers [Refill: 7 Days] [Max: 30K] [Start Time: 1 Hour] [Speed: 500/Hour] ♻️ [Premium ⚡];10;30000;12K/gün;1;;7;1.0200;48.96;130;113.00;64.04
43;Instagram;Takipçi;1ff48594-d53e-43b9-98de-66df50754553;Instagram Türkiye 🇹🇷 Takipçi [Max 15K | Garantisiz | Gerçek Hesap | Hızlı | 4K/gün];Instagram Followers [75% Turkey] [Refill: No] [Max: 15K] [Start Time: 1 Hour] [Speed: 4K/Day] [Premium ⚡];50;15000;4K/gün;1;;0;1.0500;50.40;130;116.00;65.60
44;Instagram;Yorum;073e5687-2047-4a7d-b377-379323544a9b;Instagram Yorum [Max 50K | 30 Gün Garantili | Gerçek Hesap | 25K/gün];Instagram Comments [CUSTOM] [Refill: 30 Days] [Max: 1M] [Start Time: 0 - 3 Hours] [Speed: 25K/Day] 💧 [Premium ⚡];10;50000;25K/gün;1;;30;1.0500;50.40;130;116.00;65.60
45;Instagram;Takipçi;19d50d61-f305-4f25-b45b-21fb5873d29d;Instagram Hindistan 🇮🇳 Takipçi [Max 250K | 99 Gün Garantili | Gerçek Hesap | Hızlı | 15K/gün];🇮🇳 Instagram Followers [Refill: 99 Days] [Max: 300K] [Start Time: 0 - 1 Hours] [Speed: 15K/Day] [Premium ⚡];10;250000;15K/gün;1;;99;1.1100;53.28;130;123.00;69.72
46;Instagram;Takipçi;e76c79a3-d716-4a35-9bc0-10b3b208f9a2;Instagram Türkiye 🇹🇷 Takipçi [Max 10K | Garantisiz];Instagram Turkey Followers | Max: 10K [Budget 💰];50;10000;;;;0;1.2000;57.60;130;132.00;74.40
47;Instagram;Reaksiyon;aca3e248-bd88-4959-a3b2-62537b57d2ff;Instagram Reaksiyon [Max 200K | 30 Gün Garantili | Gerçek Hesap | Hızlı | 2K/gün];🇷🇺Instagram Likes + Impressions [RUSSIAN] [NON-DROP] [Max: 150K] [Refill: 30 Days] [Start Time: 1 Hour] [Speed: 2K/Day] 💧🔥♻️ [Premium ⚡];50;200000;2K/gün;1;Max ulaşılamaz (100 gün);30;1.2000;57.60;130;132.00;74.40
48;Instagram;Takipçi;58df1f08-b3ff-448b-8adb-0dbaa063e6c5;Instagram Takipçi [Max 1B | 30 Gün Garantili | Gerçek Hesap | Hızlı | 3K/gün];Instagram RAF™ Followers [Refill: 30D] [Max: 50K] [Start Time: 0-3 Hours] [Speed: 3K/Day] ⚡💧 [Premium ⚡];5;1000000000;3K/gün;1;Max ulaşılamaz (333.334 gün);30;1.5000;72.00;130;166.00;94.00
49;Instagram;Takipçi;82a58dc1-6fb0-45fc-9b79-dea4d88b8345;Instagram Türkiye 🇹🇷 Takipçi [Max 50K | Garantisiz | Gerçek Hesap | Hızlı | 5K/gün];🇹🇷 Instagram Followers [TURKEY - 90% FEMALE] [No Refill] [Max: 50K] [Start Time: 1 Hour] [Speed: 5K/Day] [Premium ⚡];50;50000;5K/gün;1;;0;1.6500;79.20;130;182.00;102.80
50;Instagram;Profil Erişimi;bdd8aea2-0fd8-401d-bb47-b1afa5eb535f;Instagram Profil Erişimi [Max 20K | 90 Gün Garantili | Gerçek Hesap | Hızlı | 10K/gün];🇰🇷🇰🇵 Instagram Likes + Impressions + Reach [Korea] [HQ] [Refill: 90 Days] [Max: 10K] [Start Time: 0 - 1 Hour] [Speed: 10K/Day] [Premium ⚡];20;20000;10K/gün;1;;90;2.0280;97.34;85;180.00;82.66
51;Instagram;Otomatik Etkileşim;cd1b8ec3-22b1-416a-ba0b-b8504571c9b2;Instagram Otomatik Etkileşim [Max 20K | 60 Gün Garantili | Gerçek Hesap | 1,5K/gün];Instagram Auto Likes RAU™ [KOREA 🇰🇷 🇰🇵] [Max: 1.5K] [Refill: 60D] [Start Time: 0 - 1 Hr] [Speed: 1.5K/D] 💧 [Premium ⚡];20;20000;1,5K/gün;1;;60;2.0280;97.34;85;180.00;82.66
52;Instagram;Yorum;37e5a777-5a6a-4641-ad12-85fec9c2a084;Instagram Yorum [Max 200K | 30 Gün Garantili | Gerçek Hesap | Hızlı | 300/gün];Instagram Comments [CUSTOM] [NON-DROP] [Refill: 30 Days] [Max: 150К] [Start Time: 1 Hour] [Speed: 300/Day] ⚡⭐💧♻️ [Premium ⚡];5;200000;300/gün;4;Max ulaşılamaz (667 gün);30;2.7000;129.60;85;240.00;110.40
53;Instagram;Kombo Paket;3ea6ba71-76a5-4d77-be2f-4284c17e1e36;Instagram Kombo Paket [Max 1 | Garantisiz | Gerçek Hesap | 90–100/gün];Starter Pack [MONTHLY] [90-100 Followers Daily + 500-600 Views Per Video + 200-250 Likes Per Post] [Premium ⚡];1;1;90–100/gün;12;;0;3.6000;172.80;85;320.00;147.20
54;Instagram;Beğeni;515eb634-91fd-4a62-b651-2d52d53fda13;Instagram Türkiye 🇹🇷 Beğeni [Max 10K | Garantisiz];Instagram Likes Turkey [Budget 💰];50;10000;;;;0;13.1760;632.45;55;980.00;347.55
55;Instagram;Yorum;c2e55e5e-b778-4bab-9705-c3da73f894cc;Instagram Türkiye 🇹🇷 Yorum [Max 100 | Garantisiz | Gerçek Hesap | Anında];🇹🇷INSTAGRAM REEL COMMENTS [CUSTOM] [TURKISH] [HQ] [Refill: No] [Max: 100] [Start Time: 0-1 Hour] [Speed: INSTANT] [Premium ⚡];10;100;;;;0;18.0000;864.00;55;1339.00;475.00
56;Instagram;Otomatik Etkileşim;f0d2bc33-4f88-47b4-ad93-9215981e0415;Instagram ABD 🇺🇸 Otomatik Etkileşim [Max 12 | Garantisiz | Gerçek Hesap | Hızlı];Instagram Auto Comments [from VERIFIED accounts] [Random - USA/EUROPE] [Max: 20] [Start Time: 0-12 Hours] [Speed: 24 Hours Delivery] [Premium ⚡];1;12;;;;0;270.0000;12960.00;55;20088.00;7128.00
57;TikTok;Canlı Yayın Beğeni;4bd8ad4b-d378-4e79-846b-3a4b075f135d;TikTok Canlı Yayın Beğeni [Max 2B | Garantisiz | Anında | 1M/gün];TikTok Live Stream Likes [Max 100M] [Instant] [1M/Speed] [No Refill] [Budget 💰];100;2147483647;1M/gün;1;Max ulaşılamaz (2.148 gün);0;0.0031;0.15;500;0.89;0.74
58;TikTok;İzlenme;4762e0fa-636d-4a9e-8181-4be70148c2da;TikTok İzlenme [Max 100M | Garantisiz | Gerçek Hesap | 50K–200K/gün];TikTok - Views ~ 50k-200k/days ~ [ 𝔅𝗲𝙨𝘁 - 𝐒𝐩𝐞𝐞𝐝 ] [Premium ⚡];100;100000000;50K–200K/gün;1;Max ulaşılamaz (2.000 gün);0;0.0034;0.16;500;0.98;0.82
59;TikTok;İzlenme;4e486db6-0e3e-4f1f-a860-f97e7bb495fb;TikTok İzlenme [Max 100M | Garantisiz | Gerçek Hesap | Anında | 10M/gün];TikTok - Video Views ~ 𝐍𝐎 𝗥𝗘𝗙𝗜𝗟𝗟 ~ 10M/days ~ INSTANT [Premium ⚡];100;100000000;10M/gün;1;;0;0.0047;0.23;500;1.35;1.12
60;TikTok;İzlenme;5315c26e-af1b-48ee-9686-d636c3a0bd04;TikTok İzlenme [Max 100M | Garantisiz | Anında | 20M/gün];TikTok Views [Instant] [Max 100M] [Working] [20M/Day] [No Refill] [Budget 💰];100;100000000;20M/gün;1;;0;0.0063;0.30;500;1.81;1.51
61;TikTok;Paylaşım;3b751db9-5c93-4fe6-a0fe-e853b39c8512;TikTok Paylaşım [Max 2B | 365 Gün Garantili | Anında | 500K/gün];TikTok Shares [ 1M Max ] [Instant] [500k/Day] [Working] [365 Days Refill] [Budget 💰];10;2147483647;500K/gün;1;Max ulaşılamaz (4.295 gün);365;0.0075;0.36;500;2.16;1.80
62;TikTok;Kaydetme;79f3c0e9-bf97-4d78-9508-58d82ebfab35;TikTok Kaydetme [Max 1M | 30 Gün Garantili | Anında | 100K/gün];Tiktok Video Saves [INSTANT] [100K/D] [1M MAX] 30 Days Refill [Budget 💰];10;1000000;100K/gün;1;;30;0.0080;0.38;500;2.30;1.92
63;TikTok;Kaydetme;a169eb4b-a56e-4594-977f-b30b9078db7b;TikTok Kaydetme [Max 2B | 365 Gün Garantili | Anında | 100K–400K/gün];Tiktok Saves [Cheap Server] [100-400k/Day] [Instant] [1M Max] [365 Days Refill] [Budget 💰];100;2147483647;100K–400K/gün;1;Max ulaşılamaz (21.475 gün);365;0.0081;0.39;500;2.33;1.94
64;TikTok;İzlenme;7828dcdf-4c1b-4119-b0d6-8abf8d8d76be;TikTok İzlenme [Max 50M | Garantisiz];Tiktok Cebeli Video Views Max 50M | [Budget 💰];100;50000000;;;;0;0.0160;0.77;500;4.61;3.84
65;TikTok;İzlenme;eb1e9da2-1ae0-4ab3-9aac-21f2e9e1769e;TikTok İzlenme [Max 50M | Garantisiz];Tiktok Grenada Video Views Max 50M | [Budget 💰];100;50000000;;;;0;0.0160;0.77;500;4.61;3.84
66;TikTok;Beğeni;3fb2f1a9-26fa-4b0a-9349-e8e5c53badeb;TikTok Arap 🇸🇦 Beğeni [Max 1M | 30 Gün Garantili];TikTok Likes | 𝐀𝐫𝐚𝐛 𝐔𝐬𝐞𝐫𝐬 | ♻️30 Days Guarantee [Budget 💰];10;1000000;;;;30;0.0228;1.09;320;4.60;3.51
67;TikTok;Kaydetme;f08378b9-0b29-4353-8e0f-d208ea4e8740;TikTok Arap 🇸🇦 Kaydetme [Max 1M | 30 Gün Garantili];TikTok Video Saves | 𝐀𝐬𝐢𝐚𝐧 𝐔𝐬𝐞𝐫𝐬 | ♻️30 Days Guarantee [Budget 💰];100;1000000;;;;30;0.0228;1.09;320;4.60;3.51
68;TikTok;Beğeni;3caad452-6702-48c3-beb8-0bf1ae64ccd7;TikTok Beğeni [Max 20K | 365 Gün Garantili | 20K/gün];TikTok Likes Nigeria [Max 20K] |20K/Day|365 Days Refill [Budget 💰];50;20000;20K/gün;1;;365;0.0312;1.50;320;6.29;4.79
69;TikTok;Beğeni;519ed429-5ce8-4cb0-bcc7-e75f019ac350;TikTok Beğeni [Max 1M | 30 Gün Garantili];Tiktok Likes [Max 100k] [30 Days Refill] [Budget 💰];10;1000000;;;;30;0.0386;1.85;320;7.78;5.93
70;TikTok;Beğeni;10fef4d6-90de-4b1c-b3b2-608e5c36fc00;TikTok Brezilya 🇧🇷 Beğeni [Max 10M | Garantisiz | Gerçek Hesap | Anında | 5K–10K/gün];TikTok - Likes + Views ~ Brazil ~ 5k-10k/days ~ INSTANT [Premium ⚡];10;10000000;5K–10K/gün;1;Max ulaşılamaz (2.000 gün);0;0.0487;2.34;320;9.82;7.48
71;TikTok;Beğeni;9c0453ff-6335-493f-9d62-ebc438dadb87;TikTok Brezilya 🇧🇷 Beğeni [Max 100K | 30 Gün Garantili | Anında | 20K/gün];🇧🇷 TikTok Brazil Like | Max 100K | Brazil User | Instant | Stable | 20K Per Day [Budget 💰];100;100000;20K/gün;1;;30;0.1025;4.92;200;14.80;9.88
72;TikTok;Yorum;790ecfaa-9565-4642-ba8b-11ea14f70578;TikTok Yorum [Max 1K | Garantisiz | Gerçek Hesap];TikTok South Korea Comments | 10 Comments from Real Korean Accounts [Budget 💰];1000;1000;;;;0;0.1056;5.07;200;15.20;10.13
73;TikTok;Takipçi;6f108a66-1a4c-4775-ab73-ffda422f78f9;TikTok Brezilya 🇧🇷 Takipçi [Max 10M | 30 Gün Garantili | Hızlı | 30K–50K/gün];TikTok Followers [𝐁𝐫𝐚𝐳𝐢𝐥] [30-50k/Day] [0-3 Hour] [30 Days Guarantee] [Budget 💰];10;10000000;30K–50K/gün;1;Max ulaşılamaz (334 gün);30;0.1728;8.29;200;24.90;16.61
74;TikTok;Yorum;f3f0ba1b-a34d-4bf2-818d-6a0c4d9fb841;TikTok Yorum [Max 100K | 365 Gün Garantili | Gerçek Hesap];TikTok [Custom Comments] [Real Mixd Users] [Non Drop] [365 Days Refill] [Budget 💰];5;100000;;;;365;0.1845;8.86;200;26.60;17.74
75;TikTok;Takipçi;d511bb88-a186-45b7-b96c-a26407859c32;TikTok Takipçi [Max 2K | 30 Gün Garantili | Gerçek Hesap | Anında | 1K–50K/gün];TikTok - Followers ~ 10M ~ 1k-50k/days ~ INSTANT [Premium ⚡];50;2000;1K–50K/gün;1;;30;0.2621;12.58;200;37.70;25.12
76;TikTok;Takipçi;b1a6c455-990a-48dc-8f8f-ddb9d6e08446;TikTok Takipçi [Max 500K | 30 Gün Garantili | Gerçek Hesap | 10K–20K/gün];Tiktok Followers [10-20k Speed Per Day] [HQ] [30 Days Refill] [Budget 💰];20;500000;10K–20K/gün;1;;30;0.3193;15.33;200;46.00;30.67
77;TikTok;Beğeni;c0c66be3-da18-4033-95e1-c06d5ff0d422;TikTok Türkiye 🇹🇷 Beğeni [Max 20K | Garantisiz | Gerçek Hesap | 10K–15K/gün];TikTok Likes [Turkey 🇹🇷] [15K MAX] [HQ] [10-15K/D]NR [Budget 💰];10;20000;10K–15K/gün;1;;0;0.3660;17.57;200;52.70;35.13
78;TikTok;Takipçi;7f1d51a8-224b-4150-ae3f-6848ba3baca2;TikTok ABD 🇺🇸 Takipçi [Max 10K | 30 Gün Garantili | Gerçek Hesap | 10K/gün];🇺🇸 TikTok Followers [ 00% USA] [Max 10K] [Real Accounts With Posts] [10K/d] [30 Days Refill] [Budget 💰];100;10000;10K/gün;1;;30;0.3888;18.66;200;56.00;37.34
79;TikTok;Yorum;866ac927-5bdc-4671-8dce-a3c47a7fc5a1;TikTok Arap 🇸🇦 Yorum [Max 1K | Garantisiz | Gerçek Hesap];TikTok Arab Comments | 100 Comments from Real Arab Gulf Accounts [Budget 💰];1000;1000;;;;0;0.4068;19.53;200;58.60;39.07
80;TikTok;Takipçi;1b4bbaed-28ad-4809-b689-8498be493982;TikTok Takipçi [Max 100M | 30 Gün Garantili | Gerçek Hesap | Anında | 1K–10K/gün];TikTok - Followers ~ Max 1M ~ 𝗥𝗘𝗙𝗜𝗟𝗟 30D ~ 1k-10k/days ~ INSTANT [Premium ⚡];10;100000000;1K–10K/gün;1;Max ulaşılamaz (100.000 gün);30;0.4867;23.36;200;70.10;46.74
81;TikTok;Takipçi;dd7cf9fe-93d4-4b7b-b7cb-f6c16509b134;TikTok Türkiye 🇹🇷 Takipçi [Max 100K | Garantisiz | Anında | 120K–240K/gün];🇹🇷 🎶 TikTok Turkish Followers | Max 100K | Turkish User | Instant | Stable | 5K-10K Per Hour [Budget 💰];10;100000;120K–240K/gün;1;;0;0.5119;24.57;130;56.50;31.93
82;TikTok;Takipçi;d444d23e-b4e0-4369-b3e6-781a4215f4c9;TikTok Takipçi [Max 1M | 30 Gün Garantili | Gerçek Hesap | Anında];TikTok - Followers ~ %100 Real Profiles ~ 𝗥𝗘𝗙𝗜𝗟𝗟 30D ~ 10k-20k ~ INSTANT [Premium ⚡];10;1000000;;;;30;0.6521;31.30;130;72.00;40.70
83;TikTok;Takipçi;d127fc1e-c313-44cd-947a-5ffc23bf200d;TikTok Takipçi [Max 100K | 30 Gün Garantili | Gerçek Hesap | Anında | 1K–10K/gün];TikTok - Followers ~ Max 100k ~ 𝗥𝗘𝗙𝗜𝗟𝗟 30D ~ 1k-10k/days ~ INSTANT [Premium ⚡];10;100000;1K–10K/gün;1;Max ulaşılamaz (100 gün);30;0.9270;44.50;130;102.00;57.50
84;TikTok;Beğeni;589f2441-00f5-4aa9-b455-fd3e8cad4073;TikTok Beğeni [Max 20K | Düşüş Yok | Gerçek Hesap | 1K–10K/gün];Tiktok VIews + Likes [Real Seo] [Non Drop] [1-10k Speed Per Day] [Budget 💰];100;20000;1K–10K/gün;1;;0;1.1532;55.35;130;127.00;71.65
85;TikTok;Takipçi;18b7e29b-30ae-4a08-bb32-06d2de9cb054;TikTok Takipçi [Max 160K | 30 Gün Garantili | Gerçek Hesap | 250–500/gün];TikTok - Followers ~ Max 160k ~ 𝗥𝗘𝗙𝗜𝗟𝗟 30D ~ 250-500/days ~ Russian/Ukraine [Premium ⚡];50;160000;250–500/gün;4;Max ulaşılamaz (640 gün);30;1.9500;93.60;130;215.00;121.40
86;TikTok;Yorum;086bf330-8d06-4878-be82-71b4f005a9cb;TikTok Yorum [Max 5K | Garantisiz | Gerçek Hesap | Anında];TikTok - Comments ~ 🇳🇬 Nigeria ~ INSTANT [Premium ⚡];50;5000;;;;0;7.5000;360.00;55;558.00;198.00
87;TikTok;Canlı Yayın Beğeni;680542fa-0db1-4323-be22-1e2b9bde1944;TikTok Canlı Yayın Beğeni [Max 1M | Garantisiz | Gerçek Hesap | Anında | 1K–10K/gün];TikTok - Live Likes ( + PK battle points ) ~ 1k-10k/days ~ INSTANT [Premium ⚡];5;1000000;1K–10K/gün;1;Max ulaşılamaz (1.000 gün);0;30.0000;1440.00;55;2232.00;792.00
88;YouTube;Dinlenme;2d218314-092b-4ae1-9e7f-65304b41120c;YouTube Dinlenme [Max 50K | Garantisiz | Anında];YouTube Live Stream [ Max 50K ] | Instant Start | 15 Minutes [Budget 💰];10;50000;;;;0;0.0067;0.32;500;1.93;1.61
89;YouTube;Paylaşım;25995692-fdc0-4cd0-bcb0-9bd39806dc6b;YouTube Türkiye 🇹🇷 Paylaşım [Max 10K | 365 Gün Garantili | 10K/gün];YouTube Social Shares | 🇹🇷 Turkey 🇹🇷 | 💧 Non-Drop | 🚀 Speed 10K Per Day | ♻️ Lifetime Refill [Budget 💰];100;10000;10K/gün;1;;365;0.0278;1.33;320;5.60;4.27
90;YouTube;Paylaşım;800329e7-45fb-4bdc-852c-95b23cdf4262;YouTube Paylaşım [Max 100K | 365 Gün Garantili | 250K/gün];YouTube Social Shares | ⭐ Facebook | 💧 Non-Drop | 🚀 Speed 250K Per Day | ♻️ Lifetime Refill [Budget 💰];100;100000;250K/gün;1;;365;0.0278;1.33;320;5.60;4.27
91;YouTube;İzlenme;bcb658ce-5a3e-4827-b70c-896f7ed940df;YouTube İzlenme [Max 50K | Garantisiz | Gerçek Hesap | Anında];Youtube - Views ~ [ 𝟮𝟬-𝟱𝟬% 𝗖𝗼𝗻𝗰𝘂𝗿𝗿𝗲𝗻𝘁 𝗙𝗼𝗿 𝟭𝟬-𝟭𝟱 𝗺𝗶𝗻𝘂𝘁𝗲𝘀 ] ~ INSTANT [Premium ⚡];50;50000;;;;0;0.0300;1.44;320;6.05;4.61
92;YouTube;Canlı Yayın Beğeni;c91405c8-e309-42ec-a6c5-a83b499d54d1;YouTube Canlı Yayın Beğeni [Max 100K | 30 Gün Garantili | Anında];Youtube Live Stream Likes [ Super Fast ] [Non Drop ] [Instant] [30 Days Refill] [Budget 💰];10;100000;;;;30;0.0576;2.76;320;11.60;8.84
93;YouTube;Canlı Yayın Beğeni;efb881ec-cfd5-4a8b-8d16-4882970fb181;YouTube Canlı Yayın Beğeni [Max 100K | 365 Gün Garantili | Anında];Youtube Live Stream Likes [ Super Fast ] [Non Drop ] [Instant] [365 Days Refill] [Budget 💰];10;100000;;;;365;0.0615;2.95;320;12.40;9.45
94;YouTube;Beğeni;565062ee-4edd-4c62-9ab7-c84ccc0e456b;YouTube Beğeni [Max 100K | 30 Gün Garantili];YouTube Likes [Cheapest] [S2] 30 Days Refill [Budget 💰];10;100000;;;;30;0.0695;3.34;320;14.00;10.66
95;YouTube;İzlenme;677c0cb9-4d3f-42c0-9412-e903676a2972;YouTube İzlenme [Max 3M | 30 Gün Garantili | Anında | 120K/gün];Youtube Views [5k Per Hour] [0-30 Min] [NON DROP] [30 Days Refill] [Budget 💰];100;3000000;120K/gün;1;;30;0.0702;3.37;320;14.20;10.83
96;YouTube;İzlenme;65e08306-fd5a-436f-9b61-98b232836eb9;YouTube İzlenme [Max 250K | 365 Gün Garantili | Hızlı | 10K/gün];Youtube Views [10k Speed] [0-3 Hour Start] [Non Drop] [365 Days Refill] [Budget 💰];100;250000;10K/gün;1;;365;0.1045;5.02;200;15.00;9.98
97;YouTube;İzlenme;044396c7-e139-44bb-b591-e9a425913332;YouTube İzlenme [Max 3M | 365 Gün Garantili | 100K–200K/gün];Youtube Short Views [Max 3M] [Lifetime Guarantee] [100-200k/day Speed] [Budget 💰];100;3000000;100K–200K/gün;1;;365;0.1303;6.25;200;18.80;12.55
98;YouTube;İzlenme;80768b6d-ce9c-4ba7-821d-121a149dd556;YouTube İzlenme [Max 100M | 365 Gün Garantili | Gerçek Hesap | Hızlı | 200K/gün];YouTube - Views ~ Native Social Ads ~ Min 3k ~ Lifetime ~ 200k+/day ~ 0-3hrs [Premium ⚡];1000;100000000;200K/gün;1;Max ulaşılamaz (500 gün);365;0.2808;13.48;200;40.40;26.92
99;YouTube;Beğeni;92088e01-e80a-48b5-a485-645a36f15362;YouTube Beğeni [Max 50K | 30 Gün Garantili | Anında | 10K/gün];YouTube Likes [10k Speed] [Instant] 30 Days Refill [Budget 💰];10;50000;10K/gün;1;;30;0.3936;18.89;200;56.70;37.81
100;YouTube;İzlenme;290e9e39-6ad5-4d9f-89a3-1768b8a42c65;YouTube Türkiye 🇹🇷 İzlenme [Max 100K | Garantisiz | Gerçek Hesap];🇹🇷 YouTube Unique Views - Turkey [RAV-GS™ - Real & Active Views] [Budget 💰];500;100000;;;;0;0.3953;18.97;200;56.90;37.93
101;YouTube;İzlenme;d067e05f-2907-4e16-a782-c2058c46ebd9;YouTube İzlenme [Max 100K | 365 Gün Garantili | 1K–10K/gün];Youtube Native Views [Australia] [Min 1k] [Speed: 1-10k/D] [Non Drop] [Lifetime Refill] [Budget 💰];1000;100000;1K–10K/gün;1;Max ulaşılamaz (100 gün);365;0.4320;20.74;200;62.20;41.46
102;YouTube;İzlenme;33a94fff-08ac-4807-ad61-d1c23e8354be;YouTube İzlenme [Max 100K | 60 Gün Garantili | Gerçek Hesap];YouTube Views [Monetizable] [Real Views] [🇨🇦 Canada] [60 Days Refill] [Budget 💰];1000;100000;;;;60;0.4374;21.00;200;63.00;42.00
103;YouTube;Otomatik Etkileşim;daa778e7-3c1e-40b6-83a5-fb9d36bfa008;YouTube Otomatik Etkileşim [Max 2K | 30 Gün Garantili | 1K/gün];YouTube Comments [Created by AI] [Auto Generate Comments Based on Video Content and Video Title] [1K/day] [30 days Refill] [Budget 💰];1000;2000;1K/gün;1;;30;0.4500;21.60;200;64.80;43.20
104;YouTube;Beğeni;bacdfe55-50c8-4712-a0dc-37248af33512;YouTube Türkiye 🇹🇷 Beğeni [Max 100K | 365 Gün Garantili | Hızlı | 20K/gün];Youtube Likes [Lifetime Guaranteed] [Max: 20K] [Start Time: 1 Hour] [Speed: 20K/Day] TURKEY 🇨🇳 ♻️ [Budget 💰];10;100000;20K/gün;1;;365;0.5316;25.52;130;58.70;33.18
105;YouTube;Beğeni;a37121c3-9879-43eb-b212-72a30ca7b849;YouTube Beğeni [Max 100K | 365 Gün Garantili | Hızlı | 20K/gün];Youtube Likes [Lifetime Guaranteed] [Max: 20K] [Start Time: 1 Hour] [Speed: 20K/Day] ROMANIA 🇷🇴 ♻️ [Budget 💰];10;100000;20K/gün;1;;365;0.5316;25.52;130;58.70;33.18
106;YouTube;Beğeni;448b34f6-34ff-4f5a-b612-5f9c5c59a924;YouTube Hindistan 🇮🇳 Beğeni [Max 100K | 30 Gün Garantili];Youtube Likes [Indian] [Non Drop] [100k Max] [30 Days Refill] [Budget 💰];200;100000;;;;30;0.6000;28.80;130;66.20;37.40
107;YouTube;İzlenme;17e5b5d0-cb69-4b80-b43a-a0eba34ea3c9;YouTube İzlenme [Max 1M | 365 Gün Garantili | 1K–10K/gün];Youtube Native Views [Norway] [Min 1k] [Speed: 1-10k/D] [Non Drop] [Lifetime Refill] [Budget 💰];1000;1000000;1K–10K/gün;1;Max ulaşılamaz (1.000 gün);365;0.6912;33.18;130;76.30;43.12
108;YouTube;İzlenme;7b531592-ea03-411c-9b09-3235d39e8fe5;YouTube Türkiye 🇹🇷 İzlenme [Max 100K | Garantisiz | Gerçek Hesap];Youtube - Views | RAV™ - Real Active Views - TR - Turkey [Premium ⚡];500;100000;;;;0;0.8400;40.32;130;92.70;52.38
109;YouTube;Beğeni;c517f5db-5ff0-4a75-9aee-86abeff44cee;YouTube Beğeni [Max 100K | 365 Gün Garantili | Hızlı | 20K/gün];Youtube Likes [Lifetime Guaranteed] [Max: 20K] [Start Time: 1 Hour] [Speed: 20K/Day] VIETNAM 🇻🇳 ♻️ [Budget 💰];10;100000;20K/gün;1;;365;0.9621;46.18;130;106.00;59.82
110;YouTube;Abone;862f0c70-73db-47df-a99e-1b93e8beebbe;YouTube Abone [Max 50K | 30 Gün Garantili | Hızlı | 100–300/gün];Youtube Subscribers [0-12 Hour] [100-300 Speed] [30 Days Refill] [Budget 💰];100;50000;100–300/gün;10;Max ulaşılamaz (500 gün);30;2.1000;100.80;85;186.00;85.20
111;YouTube;Abone;d43d2072-2da5-4ab9-92e1-1e1351f93130;YouTube Abone [Max 20K | 30 Gün Garantili | 50/gün];Youtube Subscribers [Max 100k] [Speed 50/Day] [Refill 30 Days] [Budget 💰];100;20000;50/gün;20;Max ulaşılamaz (400 gün);30;2.1060;101.09;85;187.00;85.91
112;YouTube;Abone;32882608-5d7f-44e4-9919-62d248c02962;YouTube Abone [Max 50K | Düşüş Yok | 200–300/gün];Youtube Subscribers [Working After Update] [200-300+/Day] [Non Drop] [30 Days] [Budget 💰];100;50000;200–300/gün;5;Max ulaşılamaz (250 gün);0;2.7600;132.48;85;245.00;112.52
113;YouTube;Abone;b2c98d40-99b8-48db-97f8-b30a564de690;YouTube Abone [Max 100K | 30 Gün Garantili | 300–500/gün];Youtube Subscribers [Max 100k] [Speed 300-500/Day] [Refill 30 Days] [Budget 💰];50;100000;300–500/gün;4;Max ulaşılamaz (334 gün);30;3.2760;157.25;85;291.00;133.75
114;YouTube;Yorum;54df6244-1243-45d5-88e5-ce233ced4e5a;YouTube Türkiye 🇹🇷 Yorum [Max 5K | 30 Gün Garantili | Hızlı | 1K/gün];🇹🇷YouTube TURKEY Comments [Refill: 30 Days] [Max: 5K] [Start Time: 1 Hour] [Speed: 1K/Day] ♻️ [Budget 💰];10;5000;1K/gün;1;;30;3.6000;172.80;85;320.00;147.20
115;YouTube;Yorum;4f250286-7676-43ed-b693-001913daef46;YouTube Arap 🇸🇦 Yorum [Max 500 | 30 Gün Garantili | Hızlı | 100/gün];YouTube ARAB Comments [Refill: 30 Days] [Max: 500] [Start Time: 1 Hour] [Speed: 100/Day] ♻️ [Budget 💰];10;500;100/gün;10;;30;3.6000;172.80;85;320.00;147.20
116;YouTube;Abone;92a16673-da15-4c91-85a3-276e9c1b228d;YouTube Abone [Max 50K | Garantisiz | Gerçek Hesap | Hızlı | 200–500/gün];YouTube - Subscriber ~ 50k ~ 𝗥𝗘𝗙𝗜𝗟𝗟 30D ~ 200-500/days ~ 0-1hrs [Premium ⚡];100;50000;200–500/gün;5;Max ulaşılamaz (250 gün);0;4.6800;224.64;85;416.00;191.36
117;YouTube;Yorum;161e6340-aa97-4241-a878-c8a490fda31c;YouTube ABD 🇺🇸 Yorum [Max 200 | 30 Gün Garantili | Gerçek Hesap | Hızlı];Youtube USA HQ Custom Comment Reply [Refill: 30 Days] [Max: 1500] [Start Time: 0-1 Hour] [Speed: 1/160 Seconds]⚡ ♻️ [Budget 💰];10;200;;;;30;13.5000;648.00;55;1004.00;356.00
118;Telegram;İzlenme;40e4b819-90f9-4387-aad6-9e359927e8e6;Telegram İzlenme [Max 60K | Garantisiz];Telegram Post Views [1 Post] [Enter Post Link] [Budget 💰];10;60000;;;;0;0.0002;0.01;500;0.06;0.05
119;Telegram;Reaksiyon;a9f60178-07e4-42c3-bbba-9063592cb23e;Telegram Reaksiyon [Max 200K | Garantisiz];Reaction⚡️ [Budget 💰];10;200000;;;;0;0.0015;0.07;500;0.43;0.36
120;Telegram;Reaksiyon;99b35b15-7dcf-41b4-a430-dc8a5f205d3d;Telegram Reaksiyon [Max 200K | Garantisiz | 10K–50K/gün];Telegram Reaction🤗 [10-50k/ day] [No Refill] [Budget 💰];10;200000;10K–50K/gün;1;;0;0.0015;0.07;500;0.43;0.36
121;Telegram;Reaksiyon;ffb6cf04-634e-478f-b351-51bf31729d70;Telegram Reaksiyon [Max 50K | Garantisiz | Anında];Telegram Post Reactions + Views | 🦄React | 🔥Instant Start [Budget 💰];10;50000;;;;0;0.0036;0.17;500;1.04;0.87
122;Telegram;Paylaşım;db829ad4-c224-43bd-b543-0f13eaa3414f;Telegram Türkiye 🇹🇷 Paylaşım [Max 100K | Garantisiz | Gerçek Hesap];🇹🇷 Telegram - Turkey Post Share + View [HQ 𝐒𝐓𝐀𝐓𝐈𝐂📊] [Premium ⚡];10;100000;;;;0;0.0132;0.63;500;3.80;3.17
123;Telegram;İzlenme;3abc148f-0df7-43d8-942a-538f9f86685e;Telegram İzlenme [Max 1M | Garantisiz | Bot Hesap];Telegram Post Views [Last 10 Post] [Premium ⚡];10;1000000;;;;0;0.0210;1.01;320;4.23;3.22
124;Telegram;Kanal Üyesi;62d4e86f-7a76-4975-a4bc-602eeb23c03e;Telegram Kanal Üyesi [Max 50K | 30 Gün Garantili | Anında | 20K/gün];Telegram Member [20k+/Day] [0-30 Min] [50k Max] [NON DROP] [30 Days Refill] [Budget 💰];500;50000;20K/gün;1;;30;0.0234;1.12;320;4.72;3.60
125;Telegram;Oy;7acd15d1-1d0b-49f7-af56-40b999926ca8;Telegram Oy [Max 100K | Garantisiz | Anında];Telegram Poll & Votes [INSTANT] [300K MAX] [Budget 💰];10;100000;;;;0;0.0284;1.36;320;5.73;4.37
126;Telegram;Kanal Üyesi;bf8dd7ca-91f4-4cc0-9683-bc4f8d1d1039;Telegram Kanal Üyesi [Max 100K | 30 Gün Garantili | 10K/gün];Telegram Member [10k+/Day] [100k Max] [NON DROP] [30 Days Refill] [Budget 💰];500;100000;10K/gün;1;;30;0.0878;4.21;320;17.70;13.49
127;Telegram;Kanal Üyesi;f957c95f-b26a-4bd0-b954-a6dbd94708da;Telegram Kanal Üyesi [Max 500K | 365 Gün Garantili | 100K/gün];Telegram Members [No Drop] [365 Days Refill] [100K/Day] [Budget 💰];200;500000;100K/gün;1;;365;0.1642;7.88;200;23.60;15.72
128;Telegram;Yorum;1066feb0-141c-43f5-803e-4452c9ceefc6;Telegram Türkiye 🇹🇷 Yorum [Max 200K | Garantisiz | Bot Hesap];Telegram - Comments - [Turkey] [Premium ⚡];10;200000;;;;0;0.4590;22.03;200;66.10;44.07
129;Telegram;Kanal Üyesi;810c5c33-1d76-4e44-ad3e-505dc28db754;Telegram Kanal Üyesi [Max 12K | 7 Gün Garantili | Gerçek Hesap | Anında];Telegram Pemium Members + Views | 7 Days Premium Members | Best For Search Optimize | Instant |7 Days Refill [Budget 💰];20;12000;;;;7;0.6442;30.92;130;71.10;40.18
130;Telegram;Reaksiyon;cbcb5742-5cf6-4210-828e-43d209ec3ad2;Telegram Reaksiyon [Max 50K | Düşüş Yok | Gerçek Hesap | Anında];Premium Positive👍❤️🔥😁 - Include Static - Best For Search Optimize - Instant - [Non Drop - NoRefill] [Budget 💰];10;50000;;;;0;0.7380;35.42;130;81.50;46.08
131;Telegram;Yorum;dbb0323f-9552-4d52-88da-f5172a13e690;Telegram Türkiye 🇹🇷 Yorum [Max 3K | Garantisiz];Random Telegram Comments + Views 🇹🇷 [Budget 💰];15;3000;;;;0;1.3680;65.66;130;151.00;85.34
132;Telegram;Kanal Üyesi;8f3373e4-00ad-4216-8fb6-ba20641f8a90;Telegram Türkiye 🇹🇷 Kanal Üyesi [Max 20K | Garantisiz | Gerçek Hesap];Telegram Members - [Natural account from Turkey] [Premium ⚡];1;20000;;;;0;2.7000;129.60;85;240.00;110.40
133;Telegram;Kanal Üyesi;a1649a60-c80d-4a6e-b079-36c60d1bffbe;Telegram Türkiye 🇹🇷 Kanal Üyesi [Max 5K | Garantisiz | Gerçek Hesap];⭐️🇹🇷Turkey Telegram 𝗣𝗿𝗲𝗺𝗶𝘂𝗺 members [Join From Search + Views From Followers] [1 Year Premium] [Budget 💰];10;5000;;;;0;4.3920;210.82;85;390.00;179.18
134;Telegram;Kanal Üyesi;c35dc9d3-6c74-4cf3-9810-ea591e0647f9;Telegram Türkiye 🇹🇷 Kanal Üyesi [Max 5K | Garantisiz | Gerçek Hesap];⭐️🇹🇷Turkey Telegram Premium members [Join From URL + Views From Followers] [1 Year Premium] [Budget 💰];10;5000;;;;0;4.3920;210.82;85;390.00;179.18
135;Telegram;Otomatik Etkileşim;4307a012-c59d-4383-9de1-ff17ec8adab2;Telegram Otomatik Etkileşim [Max 2M | Garantisiz];Telegram Auto Post View [No Post Limit] [R30 Days] [Budget 💰];500;2000000;;;;0;4.5698;219.35;85;406.00;186.65
136;Telegram;Kanal Üyesi;b8cedb2a-97e4-47a8-bec2-6e20dd4d8840;Telegram Kanal Üyesi [Max 10K | 365 Gün Garantili | Gerçek Hesap];Telegram Premium Members [365 Days Premium] [New Base] [Premium ⚡];10;10000;;;;365;26.8320;1287.94;55;1996.00;708.06
137;Telegram;Yorum;609bcdd1-9383-4965-867e-539ed097a9e5;Telegram Yorum [Max 3K | Garantisiz | Gerçek Hesap];Telegram - Premium comments - [Random English positive comments] [Premium ⚡];10;3000;;;;0;121.5000;5832.00;55;9040.00;3208.00
138;Facebook;İzlenme;816fbd8c-11e2-40e6-a7b2-e6e8cd1c4e76;Facebook İzlenme [Max 218M | 30 Gün Garantili | Anında | 50K–200K/gün];Facebook Video/Reel Views [0-30 Min] [Max 100M] [50-200k/D] [30 Days Refill] [Budget 💰];100;217545811;50K–200K/gün;1;Max ulaşılamaz (4.351 gün);30;0.0053;0.25;500;1.53;1.28
139;Facebook;Paylaşım;2624142a-82a7-4da9-961b-a5d779aa72a6;Facebook Paylaşım [Max 2B | 30 Gün Garantili | Anında | 50K–100K/gün];Facebook Shares [Post/Photo] [500k Min] [INSTANT] [50-100K/D] [30 Days Refill] [Budget 💰];1000;2147483647;50K–100K/gün;1;Max ulaşılamaz (42.950 gün);30;0.0057;0.27;500;1.64;1.37
140;Facebook;İzlenme;5ca42100-3b20-4223-9e15-4580a5e3db03;Facebook İzlenme [Max 100M | 30 Gün Garantili | Anında | 30K–50K/gün];Facebook Reel Views [30-50k/D] [0-10 Min] [1M Max] [30 Days Refill] [Budget 💰];500;100000000;30K–50K/gün;1;Max ulaşılamaz (3.334 gün);30;0.0067;0.32;500;1.93;1.61
141;Facebook;Takipçi;81a0719e-4665-44a7-aa83-621862b07034;Facebook Takipçi [Max 25K | 30 Gün Garantili | 10K/gün];Facebook Profile/Page Followers [10k/day] [30 Days Refill] [Budget 💰];10;25000;10K/gün;1;;30;0.0279;1.34;320;5.62;4.28
142;Facebook;Beğeni;530bee20-cad7-45e0-a594-9c6bb1b6f642;Facebook Beğeni [Max 100K | 30 Gün Garantili | Anında | 10K–20K/gün];Facebook Post Likes [0-30 Min] [10-20k/d] [100k Max] [30 Days Refill] [Budget 💰];10;100000;10K–20K/gün;1;;30;0.0788;3.78;320;15.90;12.12
143;Facebook;Grup Üyesi;f6c1fd6a-abda-4fe1-a112-ff3924aa1134;Facebook Grup Üyesi [Max 1M | 30 Gün Garantili | Gerçek Hesap | Hızlı];Facebook Group Members [Real-Mix] [50k+Day] [0-1H] [Less Drop] [30 Days Refill] [Budget 💰];10;1000000;;;;30;0.1276;6.12;200;18.40;12.28
144;Facebook;Takipçi;2f272058-1980-49a1-916a-a646221c1f26;Facebook Takipçi [Max 1M | 365 Gün Garantili | Gerçek Hesap | Anında | 1K–100K/gün];Facebook - Page/Profile Followers ~ 𝗥𝗘𝗙𝗜𝗟𝗟 365D ~ 1k-100k/days ~ INSTANT [Premium ⚡];10;1000000;1K–100K/gün;1;Max ulaşılamaz (1.000 gün);365;0.1613;7.74;200;23.20;15.46
145;Facebook;Reaksiyon;5af41043-a6cc-4c2d-998b-e3d7b827566d;Facebook Reaksiyon [Max 10K | 30 Gün Garantili | 200–300/gün];🇯🇵 Facebook - Post React 𝐂𝐚𝐫𝐞 (🥰) - Japan - Non Drop - 200-300/Day | 30 Days Refill [Budget 💰];50;10000;200–300/gün;5;;30;0.9228;44.29;130;102.00;57.71
146;Facebook;Beğeni;fdd42ade-e00c-40f6-915f-32a77a92cf6b;Facebook Türkiye 🇹🇷 Beğeni [Max 50K | Düşüş Yok | Gerçek Hesap | 2K/gün];Facebook Worldwide Real post likes [Non-Drop][US,UA,UK,Turkey,Russia,Italy][R30][2K/Day] [Budget 💰];100;50000;2K/gün;1;;0;0.9516;45.68;130;105.00;59.32
147;Facebook;İzlenme;063d9433-c2a1-44da-a517-4d01eb99169a;Facebook İzlenme [Max 150 | 30 Gün Garantili | Hızlı | 100/gün];Facebook Page Review [Korea] [0-12 Hour] [100/Day] [Refill: 30 Days] [Budget 💰];10;150;100/gün;10;;30;1.0500;50.40;130;116.00;65.60
148;Facebook;Reaksiyon;7ed6bf77-f31c-4f0c-add9-cd20db2c626d;Facebook Türkiye 🇹🇷 Reaksiyon [Max 10K | 30 Gün Garantili | 200–300/gün];🇹🇷 Facebook - Post React 𝐖𝐨𝐰 (😯) - Turkey - Non Drop - 200-300/Day | 30 Days Refill [Budget 💰];50;10000;200–300/gün;5;;30;1.0536;50.57;130;116.00;65.43
149;Facebook;Takipçi;8ba8ab68-6aef-41ce-9717-86ce5eca2f8d;Facebook Takipçi [Max 1K | 30 Gün Garantili | 200–300/gün];🇱🇧 Facebook Page Likes - Lebanon - Non Drop - 200-300/Day | 30 Days Refill [Budget 💰];50;1000;200–300/gün;5;;30;1.3440;64.51;130;148.00;83.49
150;Facebook;Takipçi;15c49baf-c409-4070-ad0b-5b4e93c2a31c;Facebook Türkiye 🇹🇷 Takipçi [Max 10K | 30 Gün Garantili | 200–300/gün];🇹🇷 Facebook | Profile/Page - Followers - Turkey - Non Drop - 200-300/Day | 30 Days Refill [Budget 💰];50;10000;200–300/gün;5;;30;1.7124;82.20;130;189.00;106.80
151;Facebook;Takipçi;d06901bc-1745-4147-9dc9-5f0d90b26caf;Facebook Türkiye 🇹🇷 Takipçi [Max 10K | 30 Gün Garantili | 200–300/gün];🇹🇷 Facebook Page Likes - Turkey - Non Drop - 200-300/Day | 30 Days Refill [Budget 💰];50;10000;200–300/gün;5;;30;1.7124;82.20;130;189.00;106.80
152;Facebook;Takipçi;020d7f6f-2df5-43c8-b6ac-d02e77889245;Facebook Takipçi [Max 10K | 30 Gün Garantili | 200–300/gün];🇯🇵 Facebook Page Likes - Japan - Non Drop - 200-300/Day | 30 Days Refill [Budget 💰];50;10000;200–300/gün;5;;30;2.1084;101.20;85;187.00;85.80
153;Facebook;Reaksiyon;b02db705-563d-4f06-be2a-c89b00451110;Facebook Avrupa 🇪🇺 Reaksiyon [Max 500 | 365 Gün Garantili | Gerçek Hesap | Hızlı];Facebook Post Reactions [Spain][ Love ❤️][Real][No-Drop][Start 0-12hrs][R365][Max 500] [Budget 💰];500;500;;;;365;2.1960;105.41;85;195.00;89.59
154;Facebook;Yorum;cdea60ac-d57f-4c72-8a45-218bfed05046;Facebook Yorum [Max 50 | 30 Gün Garantili | Hızlı | 100/gün];Facebook Comment Custom[Greece🇬🇷] [0-12 Hour] [100/Day] [Refill: 30 Days] [Budget 💰];5;50;100/gün;10;;30;4.3920;210.82;85;390.00;179.18
155;Facebook;Yorum;782b602d-9034-4ff4-ad78-29a7c02d3da5;Facebook Yorum [Max 50 | 30 Gün Garantili | Gerçek Hesap | Hızlı | 50/gün];Facebook - Random Comments - 🇬🇷Greece🇬🇷 - Refill 30 days ~ 50/days -0-24 hrs [Premium ⚡];5;50;50/gün;20;;30;7.0200;336.96;55;522.00;185.04
156;Twitter/X;İzlenme;426556cf-2c01-49dd-a934-af90146ec0f1;Twitter/X İzlenme [Max 100M | 365 Gün Garantili | Anında];Twitter Tweet Views [Instant] [365 Days Refill] [Budget 💰];100;100000000;;;;365;0.0002;0.01;500;0.06;0.05
157;Twitter/X;Profil Erişimi;31f63298-a017-4c46-97c6-248fe31584c0;Twitter/X Profil Erişimi [Max 2B | 30 Gün Garantili | Gerçek Hesap | Anında | 1M–100M/gün];Twitter - Video Views + Impression ~ Max 100M ~ Refill 30D ~ 1M-100M/days ~ INSTANT [Premium ⚡];100;2147483647;1M–100M/gün;1;Max ulaşılamaz (2.148 gün);30;0.0012;0.06;500;0.35;0.29
158;Twitter/X;İzlenme;f2448c4a-c830-4c7e-a3d5-57afd298a3c9;Twitter/X İzlenme [Max 100M | Garantisiz | Anında | 10M/gün];Twitter Tweet + Video Views [INSTANT] [10M/D SPEED] [100M MAX] [No Refill] [Budget 💰];100;100000000;10M/gün;1;;0;0.0012;0.06;500;0.35;0.29
159;Twitter/X;İzlenme;80591022-52cc-4dfe-bd87-4be7ecc8ffd8;Twitter/X İzlenme [Max 2B | 30 Gün Garantili | Gerçek Hesap | Anında | 10M/gün];Twitter - Tweet Views ~ Max 100M ~ Refill 30D ~ 10M/days ~ INSTANT [Premium ⚡];100;2147483647;10M/gün;1;Max ulaşılamaz (215 gün);30;0.0023;0.11;500;0.66;0.55
160;Twitter/X;Takipçi;fa9e646e-e83f-4454-83ff-75703e15f0fe;Twitter/X Takipçi [Max 1B | 30 Gün Garantili | Gerçek Hesap | Anında | 1M–100M/gün];Twitter - Video View + Impression + Profile Click + Detail Click + New Followers ~ Max 100M ~ Refill 30D ~ 1M-100M/days ~ INSTANT [Premium ⚡];100;1000000000;1M–100M/gün;1;Max ulaşılamaz (1.000 gün);30;0.0052;0.25;500;1.50;1.25
161;Twitter/X;Beğeni;ec90c782-1bd7-4d7d-ad8e-94161ca210b6;Twitter/X Beğeni [Max 500K | Garantisiz | Anında | 100K/gün];Twitter Likes [100k/D] [500k Max] [Instant] [No Refill] [Budget 💰];10;500000;100K/gün;1;;0;0.0295;1.42;320;5.95;4.53
162;Twitter/X;Retweet;40381411-a0d9-4f1a-bf0b-051e2c1a1f30;Twitter/X Retweet [Max 1K | Garantisiz | 100K/gün];Twitter Retweet [Max 1M] [Speed 100k/Day] [NR] [Budget 💰];100;1000;100K/gün;1;;0;0.0312;1.50;320;6.29;4.79
163;Twitter/X;Beğeni;6f1d42e8-79c4-4400-a868-3fb38fff5410;Twitter/X ABD 🇺🇸 Beğeni [Max 20K | 30 Gün Garantili | Anında | 20K–50K/gün];Twitter Likes USA [0-30 MIN] [MQ] [20-50K/D] [30K MAX] 30 Days Refill [Budget 💰];10;20000;20K–50K/gün;1;;30;0.2184;10.48;200;31.40;20.92
164;Twitter/X;Beğeni;5a34d03a-57a4-41fa-856d-8b55ea2b1620;Twitter/X Beğeni [Max 100K | 30 Gün Garantili | Anında | 5K/gün];Twitter Likes [0-30 MIN] [5K/D] [50K MAX] 30 Days Refill [Budget 💰];10;100000;5K/gün;1;;30;0.3514;16.87;200;50.60;33.73
165;Twitter/X;Takipçi;fcd14ab7-b577-4d8b-afda-32393e6b134b;Twitter/X Takipçi [Max 500K | 15 Gün Garantili | Gerçek Hesap | 10K/gün];Twitter HQ Followers [10k/D]Less Drop [Refill 15 Days ] [Budget 💰];100;500000;10K/gün;1;;15;0.8052;38.65;130;88.90;50.25
166;Twitter/X;Takipçi;2c79b75e-94fd-4ab2-9e8e-9ea6db2c2e89;Twitter/X Takipçi [Max 50K | 15 Gün Garantili];Twitter Followers [Female Profile][Japanese, Korea, Hong Kong] Refill 15 Days [Budget 💰];100;50000;;;;15;0.8564;41.11;130;94.50;53.39
167;Twitter/X;Takipçi;9cf37c5d-3264-4f69-accd-a0c2f441d0cb;Twitter/X Türkiye 🇹🇷 Takipçi [Max 20K | 30 Gün Garantili | Gerçek Hesap | 50K–100K/gün];Twitter Turkey 🇹🇷 Followers [50-100k/D] [100K MAX] [HQ] [30 Days Refill] [Budget 💰];10;20000;50K–100K/gün;1;;30;0.8700;41.76;130;96.00;54.24
168;Twitter/X;Takipçi;378d43ff-1b94-4358-9991-74cfd30c648c;Twitter/X Takipçi [Max 20K | 30 Gün Garantili | 1K/gün];Twitter Followers [30 Days Refill ] [1k/day] [Budget 💰];10;20000;1K/gün;1;;30;1.0920;52.42;130;121.00;68.58
169;Twitter/X;Retweet;8f4a794a-59fa-4a16-927c-32cb7e988604;Twitter/X Retweet [Max 200 | Garantisiz | Gerçek Hesap | Hızlı];Twitter - Quote Retweet ~ 𝐍𝐅𝐓 Profile Accounts ~ 𝗥𝗘𝗙𝗜𝗟𝗟 30D ~ 0-1hrs [Premium ⚡];10;200;;;;0;22.8000;1094.40;55;1696.00;601.60
170;Spotify;Dinlenme;8cb7a37c-4685-44b6-9f36-13ca46992754;Spotify Dinlenme [Max 20M | 365 Gün Garantili | Gerçek Hesap | Hızlı | 10K–50K/gün];Spotify Plays [Min 1k] [WorldWide] [Speed: 10-50k+/Day] [Start Time: 0-4 Hours] [Lifetime Refill] [Budget 💰];1000;20000000;10K–50K/gün;1;Max ulaşılamaz (2.000 gün);365;0.0113;0.54;500;3.25;2.71
171;Spotify;Takipçi;63fc455d-d699-4894-98f9-6370d0acdafb;Spotify Takipçi [Max 1M | 30 Gün Garantili];Spotify Followers [1M] ⚡️ 30 Days Refill [Budget 💰];100;1000000;;;;30;0.0195;0.94;500;5.62;4.68
172;Spotify;Dinlenme;96196900-ad95-49e0-aaab-2a3fe462195b;Spotify Türkiye 🇹🇷 Dinlenme [Max 10M | 365 Gün Garantili | Gerçek Hesap];🇹🇷 Spotify Plays [Turkey] [365 Days Refill] [Mix Premium - Free] [Budget 💰];1000;10000000;;;;365;0.0240;1.15;320;4.84;3.69
173;Spotify;Kaydetme;1ca604b3-9096-4d25-8d4a-950ddec4446a;Spotify Kaydetme [Max 1M | 30 Gün Garantili | Anında];Spotify Saves [LINK - Track, Album, Podcast] [INSTANT START] [30 DAYS REFILL] [Budget 💰];100;1000000;;;;30;0.0295;1.42;320;5.95;4.53
174;Spotify;Takipçi;65a61186-58e7-4161-97a5-c86add83aa42;Spotify Türkiye 🇹🇷 Takipçi [Max 1M | 365 Gün Garantili | Gerçek Hesap];Spotify Turkey Followers (Real Looking) - [ Max 1M ] [ 365 Day Refill ] [Budget 💰];100;1000000;;;;365;0.0720;3.46;320;14.50;11.04
175;Spotify;Aylık Dinleyici;018843c2-8211-4e80-9fde-8b080ebe4823;Spotify Türkiye 🇹🇷 Aylık Dinleyici [Max 20M | Garantisiz | Gerçek Hesap];Spotify Monthly Listeners [Turkey] [MIX Premium - Free] [Budget 💰];500;20000000;;;;0;0.1320;6.34;200;19.00;12.66
176;Spotify;Dinlenme;72f02694-a8f1-4756-9191-5e568d528f6b;Spotify İngiltere 🇬🇧 Dinlenme [Max 100M | 365 Gün Garantili | Gerçek Hesap | Anında | 10K/gün];Spotify - PREMIUM Plays ~ Uk ~ 10k/days ~ INSTANT [Premium ⚡];1000;100000000;10K/gün;1;Max ulaşılamaz (10.000 gün);365;0.1500;7.20;200;21.60;14.40
177;Spotify;Aylık Dinleyici;7dd9acb2-861f-40d8-b288-1eed7188c14a;Spotify Aylık Dinleyici [Max 20M | 365 Gün Garantili | 1K–5K/gün];🇧🇪 Spotify Monthly Listeners [Belgium] [Lifetime Warranty] [1-5K/Day] [Non-Drop] [Budget 💰];500;20000000;1K–5K/gün;1;Max ulaşılamaz (20.000 gün);365;0.2484;11.92;200;35.80;23.88
178;Spotify;Aylık Dinleyici;a172ceab-e87d-447f-b781-1b1f1c93cf48;Spotify Avrupa 🇪🇺 Aylık Dinleyici [Max 50K | 365 Gün Garantili | 1K–5K/gün];🇩🇪 Spotify Monthly Listeners [Germany] [Lifetime Warranty] [1-5K/Day] [Non-Drop] [Budget 💰];500;50000;1K–5K/gün;1;;365;0.2520;12.10;200;36.30;24.20
179;Spotify;Dinlenme;b427ba13-6a8a-462a-a3d6-7d37cd145a6e;Spotify Türkiye 🇹🇷 Dinlenme [Max 20M | 365 Gün Garantili | Gerçek Hesap | 1K–5K/gün];🇹🇷 Spotify Web 2.0 Premium Streams [Turkey] [Max: 50K] [Daily: 1-5K] [Lifetime Guaranteed] [UHQ] [Premium ⚡];500;20000000;1K–5K/gün;1;Max ulaşılamaz (20.000 gün);365;0.6720;32.26;130;74.20;41.94
180;Spotify;Dinlenme;b87b26e9-6fbb-4b7a-a80b-f8cd0a4f0851;Spotify İngiltere 🇬🇧 Dinlenme [Max 100M | 365 Gün Garantili | Gerçek Hesap | Anında | 1K–10K/gün];Spotify - PREMIUM Podcast Plays ~ UK ~ 1k-10k/days ~ INSTANT [Premium ⚡];1000;100000000;1K–10K/gün;1;Max ulaşılamaz (100.000 gün);365;0.7500;36.00;130;82.80;46.80
181;Spotify;Çalma Listesi;42633e0f-0f17-4755-b6c5-8bf4196e892c;Spotify İngiltere 🇬🇧 Çalma Listesi [Max 100M | 365 Gün Garantili | Gerçek Hesap | Anında | 1K–500K/gün];Spotify - PREMIUM Plays [ Any URL- episode/show/artist/track/album/playlist ] ~ Uk ~ 500-1k/days ~ INSTANT [Premium ⚡];1000;100000000;1K–500K/gün;1;Max ulaşılamaz (100.000 gün);365;0.9000;43.20;130;99.40;56.20
182;WhatsApp;Reaksiyon;9ad43ee6-39f6-4c26-b24f-3c0a3e11621d;WhatsApp Türkiye 🇹🇷 Reaksiyon [Max 50K | Garantisiz | Anında];Whatsapp Channel Post Emoji Reactions [ Turkey 🇹🇷 ] | Random Mix [👍❤️😂😲😥🙏 ] [ Max 50K ] | Instant Start [Budget 💰];10;50000;;;;0;0.1361;6.53;200;19.60;13.07
183;WhatsApp;Reaksiyon;6b5dc4a2-9376-4a90-9ab9-bd29070abec2;WhatsApp Arap 🇸🇦 Reaksiyon [Max 50K | Garantisiz | Anında];Whatsapp Channel Post Emoji Reactions [ Arab 🇸🇦 ] | Random Mix [👍❤️😂😲😥🙏 ] [ Max 50K ] | Instant Start [Budget 💰];10;50000;;;;0;0.1361;6.53;200;19.60;13.07
184;WhatsApp;Reaksiyon;9e31aa66-66ce-4acd-8d7b-490f96e588d1;WhatsApp Reaksiyon [Max 50K | Garantisiz | Anında];Whatsapp Channel Post Emoji Reactions [ 😲 ] [ Max 50K ] | Instant Start [Budget 💰];10;50000;;;;0;0.1415;6.79;200;20.40;13.61
185;WhatsApp;Kanal Üyesi;e9410884-77de-4549-9274-78dc11159d6f;WhatsApp Kanal Üyesi [Max 10K | Garantisiz | Anında | 1K/gün];Whatsapp Channel Member [GlobaL] [50K MAX] [1k/day] [Instant] [30DR] [Budget 💰];10;10000;1K/gün;1;;0;0.3048;14.63;200;43.90;29.27
186;WhatsApp;Kanal Üyesi;d4f2bdd7-ff19-4709-ab26-9bdfbf6b6de8;WhatsApp Türkiye 🇹🇷 Kanal Üyesi [Max 50K | Garantisiz | 1K/gün];Whatsapp Channel Member [🇹🇷Turkey] [Max 50k] [1k/days] [Budget 💰];10;50000;1K/gün;1;;0;0.3330;15.98;200;48.00;32.02
187;WhatsApp;Kanal Üyesi;2c901b93-185d-42c0-b75d-f1494f9f639f;WhatsApp Türkiye 🇹🇷 Kanal Üyesi [Max 10K | Garantisiz | 500/gün];🇹🇷 Whatsapp Channel Members [ Turkey ] | [ Max 5K ] [500/d] [Budget 💰];10;10000;500/gün;2;;0;0.4200;20.16;200;60.50;40.34
188;Twitch;İzlenme;d139f334-275e-4380-8aad-e2c84eac5e57;Twitch İzlenme [Max 10M | 30 Gün Garantili | Anında];Twitch Clip Views [0-15 MIN START TIME][10M MAX] 30 Days Refill [Budget 💰];10;10000000;;;;30;0.0138;0.66;500;3.97;3.31
189;Twitch;Takipçi;590517a3-12e4-4dbe-8f7b-135fa70cf33d;Twitch Takipçi [Max 10K | 30 Gün Garantili];Twitch Followers - [ Max 5K ] [ 30 Day Refill ] [Budget 💰];20;10000;;;;30;0.0210;1.01;320;4.23;3.22
190;Twitch;Takipçi;5c55bc96-4ad6-4912-9d72-90161802cbe3;Twitch Takipçi [Max 1M | 30 Gün Garantili | 60K/gün];Twitch Followers [Mix Quality] [100k MAX] [60K+/D] [30 Days Refill] [Budget 💰];20;1000000;60K/gün;1;;30;0.0270;1.30;320;5.44;4.14
191;Twitch;Takipçi;8e28282e-05cc-417c-9f3c-d5cb6140a610;Twitch Takipçi [Max 1M | 90 Gün Garantili | Anında];Twitch Followers [0-30 MIN] [ Max 1M ] [ 90 Day Refill ] [Budget 💰];20;1000000;;;;90;0.0384;1.84;320;7.74;5.90
192;Twitch;İzlenme;aa25adf2-7bf4-45c3-ab5b-422725d7f869;Twitch İzlenme [Max 10K | Garantisiz | Gerçek Hesap];Twitch Channel Views [10K] [REAL]⚡️♻💧⭐ [Budget 💰];1000;10000;;;;0;0.9750;46.80;130;108.00;61.20
193;Twitch;Canlı Yayın İzleyici;d8c63825-d28f-4464-a98d-a1d98abd59a7;Twitch Canlı Yayın İzleyici [Max 250 | Garantisiz | Gerçek Hesap];Twitch Live Views [250] [HQ] ⚡️⭐ [Budget 💰];100;250;;;;0;22.5000;1080.00;55;1674.00;594.00
194;Dolap;Beğeni;3da90655-bed5-4b6a-9414-e308229388c9;Dolap Türkiye 🇹🇷 Beğeni [Max 10K | Düşüş Yok | 240K/gün];Dolap Product Turkish Likes [R30][Non-drop][No photo][10K/hrs] [Budget 💰];50;10000;240K/gün;1;;0;0.0732;3.51;320;14.80;11.29
195;Dolap;Takipçi;939d852e-5d30-4c23-929e-69c5be8ed017;Dolap Türkiye 🇹🇷 Takipçi [Max 10K | Düşüş Yok | 240K/gün];Dolap Store Turkish Followers [No Photo][R30][Non-drop][10K/Hr] [Budget 💰];50;10000;240K/gün;1;;0;0.0732;3.51;320;14.80;11.29
196;Dolap;Beğeni;9b5ee1b2-4984-4196-ba61-fbe96d72d28e;Dolap Türkiye 🇹🇷 Beğeni [Max 100K | Düşüş Yok | Anında];Dolap Turkish Wardrobe Likes [100k] [Non Drop] Instant [Budget 💰];50;100000;;;;0;0.1584;7.60;200;22.80;15.20
197;Dolap;Takipçi;49adb9e7-826e-4f24-b4ae-31ca39c907cb;Dolap Türkiye 🇹🇷 Takipçi [Max 3K | Düşüş Yok];Dolap Store Turkish Followers [With Photo][Non-drop][R30] [Budget 💰];50;3000;;;;0;0.1830;8.78;200;26.40;17.62
198;Dolap;Yorum;380754e6-94d9-4cf0-a7ae-a96615e90b40;Dolap Yorum [Max 100K | Düşüş Yok | 240K/gün];Dolap Product Custom Comments [Non-Drop][R30][No Photo][10K/Hrs] [Budget 💰];5;100000;240K/gün;1;;0;0.3660;17.57;200;52.70;35.13
199;Dolap;Takipçi;ab54e904-788b-4e48-ae1a-3f8715c933c4;Dolap Türkiye 🇹🇷 Takipçi [Max 100K | Düşüş Yok | Anında];Dolap Turkish Wardrobe Followers [100k] [Non Drop] Instant [Budget 💰];100;100000;;;;0;0.6186;29.69;130;68.30;38.61
200;Kick;Canlı Yayın İzleyici;a8879e4e-b2f1-4057-b534-c0c5a290eaf4;Kick Canlı Yayın İzleyici [Max 10K | Garantisiz];Kick Live Stream Viewers [15 Minutes] [Budget 💰];10;10000;;;;0;0.0301;1.44;320;6.07;4.63
201;Kick;İzlenme;70794aa9-995d-404d-8e14-3bf815c70bf5;Kick İzlenme [Max 10M | 30 Gün Garantili | Gerçek Hesap | 500K/gün];Kick.com Views [Max 10M] [HQ] [30 Day Refill] [High Speed] [500K/D] [Premium ⚡];100;10000000;500K/gün;1;;30;0.2100;10.08;200;30.20;20.12
202;Kick;Canlı Yayın İzleyici;8ffa7343-ba16-4e7b-bbd8-7492734a322a;Kick Canlı Yayın İzleyici [Max 10K | Garantisiz | Anında];Kick Live Stream Views [No Userlist] [Start Time 0-10 Min] [2 Hour] [No Refill] [Budget 💰];10;10000;;;;0;0.4699;22.56;200;67.70;45.14
203;Kick;Takipçi;d68e6d17-7278-4fdc-bce7-8c803864bfbe;Kick Takipçi [Max 1M | 30 Gün Garantili | Gerçek Hesap | 20K/gün];Kick.com Followers [Max 100K] [HQ] [30 Day Refill] [High Speed] [20K/D] [Premium ⚡];10;1000000;20K/gün;1;;30;1.6500;79.20;130;182.00;102.80
204;Kick;İzlenme;510d35aa-b943-4751-8424-c74223f8d8ed;Kick İzlenme [Max 1K | Garantisiz | Gerçek Hesap];Kick Viewers Subscription - ⚡ [1 Month Subscription] [Premium ⚡];1;1000;;;;0;253.2000;12153.60;55;18838.00;6684.40
205;Snapchat;Yorum;2b42dde3-e2b3-4c5d-846b-8b38735c9488;Snapchat Yorum [Max 1K | Garantisiz | Gerçek Hesap];Snapchat Spotlight 50 Like + 50 Comments 100% Real Account [Budget 💰];1000;1000;;;;0;0.1440;6.91;200;20.70;13.79
206;Snapchat;Yorum;d8bb78d0-ba66-47d6-835a-65edce8a4829;Snapchat Hindistan 🇮🇳 Yorum [Max 1K | Garantisiz | Gerçek Hesap];Snapchat Spotlight 🇮🇳 Female 50 Like + 50 Comments + 50 Repost + 50 Share 100% Real Account [Budget 💰];1000;1000;;;;0;0.2880;13.82;200;41.50;27.68
207;Snapchat;Takipçi;24949376-6a62-4617-8ccb-34c25ddc8e80;Snapchat Takipçi [Max 1K | Düşüş Yok | Gerçek Hesap];Snapchat Followers [Bangladesh 🇧🇩 ] [Real Users] [Non Drop] [1K MAX] [Budget 💰];50;1000;;;;0;3.3948;162.95;85;301.00;138.05
208;Snapchat;Takipçi;263bbbe7-6e72-40b9-a971-c6474e6be087;Snapchat Avrupa 🇪🇺 Takipçi [Max 50K | Garantisiz | Gerçek Hesap | Hızlı];Snapchat Followers [Germany][Real][R30][0-6Hrs] [Budget 💰];100;50000;;;;0;5.5193;264.93;85;490.00;225.07
209;Snapchat;Takipçi;ea2712f5-b550-4aee-a851-98460eb7a53e;Snapchat Arap 🇸🇦 Takipçi [Max 1 | Garantisiz];SnapChat Followers Arab [Package: 20000 Followers ] [Budget 💰];1;1;;;;0;79.2000;3801.60;55;5892.00;2090.40
210;LinkedIn;Beğeni;5a8b9b2c-bbf5-40a2-8f3f-eb62160f1a2e;LinkedIn Beğeni [Max 100K | Garantisiz | Gerçek Hesap | 1K–100K/gün];LinkedIn Post Like [REAL] [HQ] [100-1K/Day] [No Refill] [Budget 💰];1;100000;1K–100K/gün;1;Max ulaşılamaz (100 gün);0;0.9677;46.45;130;107.00;60.55
211;LinkedIn;Reaksiyon;bb306ea5-c996-47cc-9d6c-adc51db8524c;LinkedIn Reaksiyon [Max 5K | Garantisiz | 1K–2K/gün];Linkedin Reaction [ 😁 ] [5K MAX] [1-2K/Day] [No Refill] [Budget 💰];10;5000;1K–2K/gün;1;;0;1.3908;66.76;130;154.00;87.24
212;LinkedIn;Reaksiyon;97f8864b-93f6-4e9c-87d4-e64149617da8;LinkedIn Reaksiyon [Max 5K | Garantisiz];Linkedin - Love - Max 5k - 0 to 6hrs Start [Budget 💰];10;5000;;;;0;1.4400;69.12;130;159.00;89.88
213;LinkedIn;Takipçi;a3fd2082-4877-40e9-bca1-48b00043e5dc;LinkedIn Takipçi [Max 20K | 30 Gün Garantili | Gerçek Hesap | 500/gün];Linkedin Followers [Company] [Premium] [100%HQ] [500+/Day] [30 Days Refill] [Budget 💰];100;20000;500/gün;2;;30;2.1060;101.09;85;187.00;85.91
214;LinkedIn;Bağlantı İsteği;792a6d76-ae5d-44ea-846e-f1be906441b3;LinkedIn Bağlantı İsteği [Max 10K | Garantisiz | Gerçek Hesap | Hızlı | 100–1K/gün];Linkedin Connect [Real] [100-1000/Day] [0-4Hour] [Budget 💰];5;10000;100–1K/gün;10;Max ulaşılamaz (100 gün);0;3.3516;160.88;85;298.00;137.12
215;Discord;Kanal Üyesi;850a258d-aa48-42e0-a296-745c401d4574;Discord Kanal Üyesi [Max 2K | Garantisiz];Discord Server Members [Online [Bot Required] [30D Online] [Budget 💰];100;2000;;;;0;0.6281;30.15;130;69.30;39.15
216;Discord;Kanal Üyesi;9b6c7aee-78bb-4c97-80a3-658349069b5c;Discord Kanal Üyesi [Max 20K | Garantisiz];Discord Server Member + Reactions | 👍 | Max 20K | Day 20K [Budget 💰];150;20000;;;;0;1.8000;86.40;130;199.00;112.60
217;Discord;Kanal Üyesi;28520012-d894-494c-a617-0a83d8f547ab;Discord Kanal Üyesi [Max 20K | Garantisiz];Discord Server Member + Negative Reactions | 😒😤😡🤬👎🖕 | Max 20K | Day 20K [Budget 💰];150;20000;;;;0;2.7360;131.33;85;243.00;111.67
218;Discord;Kanal Üyesi;4a8dba48-0679-47b3-a0f5-ea9bc738de20;Discord Kanal Üyesi [Max 20K | Garantisiz];Discord Server Member + Positive Reactions | 😎🤩🥳👍👌🙏 | Max 20K | Day 20K [Budget 💰];150;20000;;;;0;2.9280;140.54;85;260.00;119.46
219;Threads;Beğeni;e455bd0f-644e-40e5-bef7-8c5c1df1c0b0;Threads Beğeni [Max 20K | 30 Gün Garantili | Gerçek Hesap | Hızlı | 50K/gün];Threads Likes [Refill: 30D] [Max: 50K] [Start Time: 0-3 Hours] [Speed: Up to 50K/Day] 💧⛔ [Premium ⚡];10;20000;50K/gün;1;;30;1.2000;57.60;130;132.00;74.40
220;Threads;Paylaşım;1127f1e5-ad77-4fbc-8e18-cfa455ed7aad;Threads Paylaşım [Max 20K | 30 Gün Garantili | Gerçek Hesap | Hızlı | 5K/gün];Threads Reshare [Refill: 30D] [Max: 5K] [Start Time: 0-3 Hours] [Speed: Up to 5K/Day] 💧⛔ [Premium ⚡];10;20000;5K/gün;1;;30;1.5000;72.00;130;166.00;94.00
221;Threads;Takipçi;9fdd7006-f3b0-43d9-8f7c-de63b78df254;Threads Takipçi [Max 20K | 30 Gün Garantili | Gerçek Hesap | Hızlı | 10K/gün];Threads Followers [Refill: 30D] [Max: 10K] [Start Time: 0-3 Hours] [Speed: Up to 10K/Day] 💧⛔ [Premium ⚡];10;20000;10K/gün;1;;30;2.4000;115.20;85;213.00;97.80
222;Threads;Beğeni;1be2c1cd-b2e8-4cbc-ad0c-94bebed28998;Threads Beğeni [Max 2K | 30 Gün Garantili | Gerçek Hesap | Hızlı | 10K/gün];Threads Likes [Refill: 30D] [Max: 10K] [Start Time: 0-3 Hours] [Speed: Up to 10K/Day] 💧⛔ [Premium ⚡];50;2000;10K/gün;1;;30;6.0000;288.00;55;446.00;158.00
223;Pinterest;Beğeni;817e41f6-9b83-4cf8-b55e-888cf8e6fdf5;Pinterest Beğeni [Max 10K | Garantisiz | Gerçek Hesap | 1K–5K/gün];Pinterest Likes [Real] [1-5k/day] Working Always [Budget 💰];10;10000;1K–5K/gün;1;;0;0.8165;39.19;130;90.10;50.91
224;Pinterest;Takipçi;7056f17d-c3c5-401b-ac97-56eaaecd9414;Pinterest Takipçi [Max 15K | Garantisiz | Gerçek Hesap | 100–800/gün];Pinterest Followers [Real Accounts] [100-800/Day] [No Refill] [Budget 💰];20;15000;100–800/gün;10;Max ulaşılamaz (150 gün);0;1.1737;56.34;130;130.00;73.66
225;Pinterest;Kaydetme;1c9490b9-5d0f-42a2-9503-28f7224aed1b;Pinterest Kaydetme [Max 5K | Garantisiz | Hızlı | 100–700/gün];Pinterest Shares [Save Pin] [100-700/Day] [0-3 Hour] [Budget 💰];10;5000;100–700/gün;10;;0;1.6840;80.83;130;186.00;105.17
226;SoundCloud;Takipçi;e5be65ef-2661-4f10-a322-8e6b48f00193;SoundCloud Takipçi [Max 10K | 30 Gün Garantili | Hızlı | 100–500/gün];SoundCloud Follower [0-2Hour] [100-500 Per Day] [30 Days Refill] [Budget 💰];10;10000;100–500/gün;10;Max ulaşılamaz (100 gün);30;1.8071;86.74;130;200.00;113.26
227;SoundCloud;Beğeni;5764b639-0b73-419e-8f24-13c29bfd813c;SoundCloud Beğeni [Max 100K | 30 Gün Garantili | Hızlı | 100–500/gün];SoundCloud Likes [0-2Hour] [100-500 Per Day] [30 Days Refill] [Budget 💰];10;100000;100–500/gün;10;Max ulaşılamaz (1.000 gün);30;1.9046;91.42;130;210.00;118.58